{"cameraMode":{"drawMode":0,"name":"Shaded","section":"Shading Mode"},"sceneLighting":true,"audioPlay":false,"sceneViewState":{"m_AlwaysRefresh":false,"showFog":true,"showSkybox":true,"showFlares":true,"showImageEffects":true,"showParticleSystems":true,"showVisualEffectGraphs":true,"m_FxEnabled":true},"in2DMode":false,"pivot":{"x":-4.80417537689209,"y":6.475013732910156,"z":91.73931121826172},"rotation":{"x":0.20436076819896699,"y":0.002926928224042058,"z":-0.0006163741927593946,"w":0.9789016842842102},"size":21.47026252746582,"orthographic":false}